,매장이름,주소,전화번호,일시
0,부천심곡점,경기도 부천시 장말로 376 심곡동 355-1,032-612-7258,2024-10-31 11:04:40
1,성남터미널점,"경기도 성남시 분당구 성남대로925번길 16, 성남종합버스터미널 1층",031-725-1004,2024-10-31 11:04:40
2,부산백양대로점,괘법동 141,051-311-5399,2024-10-31 11:04:40
3,왕십리역점,"성동구 왕십리광장로 17 (행당동 168-151 ), 비트플렉스몰 3층",02-2200-1303,2024-10-31 11:04:40
4,홍대출판사거리점,"서울시 마포구 독막로7길 40, 1층",02-332-3567,2024-10-31 11:04:40
5,간석오거리점,,032-425-0915,2024-10-31 11:04:40
6,위례중앙점,,031-755-5064,2024-10-31 11:04:40
7,수유사거리점,서울시 강북구 도봉로 82길 11 (2~4층),070-5226-1999,2024-10-31 11:04:40
8,하남덕풍점,덕풍북로 2,031-792-9389,2024-10-31 11:04:40
9,전경련회관점,서울시 영등포구 여의도동 28-1 전경련신축회관 B109-11,02-786-3485,2024-10-31 11:04:40
10,대전만년점,"대전 서구 둔산대로117번길 95(만년동, 리더스타운)",,2024-10-31 11:04:40
11,대전탄방점,대전 서구 계룡로571번길 23-19,042-482-8425,2024-10-31 11:04:40
12,신월사거리점,"가로공원로 113, 1층",02-2606-5040,2024-10-31 11:04:40
13,양산부산대병원치과동점,물금읍 금오로 20 양산부산대학교병원 치과병동 1층,070-4442-0608,2024-10-31 11:04:40
14,양산부산대병원본점,"물금읍 금오로 20, 양산부산대학교병원 중앙진료동 1층",055-362-4582,2024-10-31 11:04:40
15,대전역점,"대전 동구 중앙로 215, 3층 대합실",,2024-10-31 11:04:40
16,화성융건릉점,경기도 화성시 효행로 501-3,031-224-6999,2024-10-31 11:04:40
17,커피클럽 선릉역점,서울특별시 강남구 테헤란로 325 1층,02-6196-7935,2024-10-31 11:04:40
18,(하)선산휴게소점,경상북도 구미시 옥성면 중부내륙고속도로 128,,2024-10-31 11:04:40
19,진해속천점,경남 창원시 진해구 태평로 132,055-547-9777,2024-10-31 11:04:40
20,천안신부점,"충남 천안시 동남구 만남로 26 대영빌딩 4,5층",041-566-5085,2024-10-31 11:04:40
21,양주옥정점,경기도 양주시 옥정동 963-6,,2024-10-31 11:04:40
22,서초마제스타시티점,"서초대로38길 12, 1층",02-6411-0063,2024-10-31 11:04:40
23,부산명륜역점,"부산광역시 동래구 온천장로5, 1층",051-557-7811,2024-10-31 11:04:40
24,대전은행본점,대전 중구 대흥동 153-1,042-222-3288,2024-10-31 11:04:40
25,구리수택점,"경기도 구리시 검배로 73, 할리스커피",031-551-0988,2024-10-31 11:04:40
26,진주평거점,경상남도 진주시 진양호로 46,055-745-9633,2024-10-31 11:04:40
27,할리스커피 울산시청점,"삼산로 60, 1층(신정동)",070-7733-7108,2024-10-31 11:04:40
28,부산대학교병원1호점,"부산광역시 서구 구덕로 179, 융합동 ",051-231-9647,2024-10-31 11:04:40
29,종로5가점,동호로 401,02-2266-1989,2024-10-31 11:04:40
30,서전주DT점,전북 전주시 완산구 콩쥐팥쥐로 1713,063-901-0802,2024-10-31 11:04:40
31,아주대병원점,"경기도 수원시 영통구 월드컵로 164, 아주대학교병원 본관 1층",031-211-5718,2024-10-31 11:04:40
32,부산대학교병원2호점,부산광역시 서구 구덕로 179  C동,051-231-9476,2024-10-31 11:04:40
33,난곡사거리점,서울시 관악구 신림동 526-13,02-865-0012,2024-10-31 11:04:40
34,부산덕천점,"부산 북구 덕천 1길 21, 1층",051-342-8835,2024-10-31 11:04:40
35,다산지금점,경기도 남양주시 다산중앙로 82번안길 143-15,070-7778-2409,2024-10-31 11:04:40
36,종로DGB점,서울시 중구 다동85 다동빌딩 1층,02-310-9315,2024-10-31 11:04:40
37,부평로데오점,인천광역시 부평구 부평동 193-19 인일메트로 빌딩 1~3층 ,032-505-7130,2024-10-31 11:04:40
38,인덕원점,"경기도 안양시 동안구 관악대로 480, 101호",031-426-1800,2024-10-31 11:04:40
39,대구반야월점,안심로255,053-961-7007,2024-10-31 11:04:40
40,용인명지대점,경기도 용인시 처인구 명지로116번길 24-2,031-335-9095,2024-10-31 11:04:41
41,여의도파이낸스타워점,서울특별시 영등포구 국제금융로 2길 32,02-761-3154,2024-10-31 11:04:41
42,전북김제점,전라북도 김제시 검산택지5길 21-10 1층,063-547-9600,2024-10-31 11:04:41
43,상남중앙점,상남동 25,055-261-5925,2024-10-31 11:04:41
44,서울대병원점,종로구 대학로 101 서울대학교병원 본관 1F,02-741-5815,2024-10-31 11:04:41
45,구로디지털 뉴스테이점,"시흥대로 595, 105호",070-7547-4100,2024-10-31 11:04:41
46,부산명륜자이점, 부산광역시 동래구 동래로 77,051-554-1001,2024-10-31 11:04:41
47,충남도청점,충청남도 홍성군 홍북읍 신경리 553,041-631-4725,2024-10-31 11:04:41
48,홍대입구역점,서울시 마포구 양화로 151 1층,02-322-3584,2024-10-31 11:04:41
49,전남장흥점,전라남도 장흥군 장흥읍 북부로 18,061-862-0119,2024-10-31 11:04:41
50,낙산해수욕장점,강원도 양양군 강현면 해맞이길18 1층 할리스커피,033-672-7271,2024-10-31 11:04:41
51,군산선유도점,"전라북도 군산시 옥도면  선유도리 213-4, 6",063-464-9315,2024-10-31 11:04:41
52,전주남천교점,전주천서로81 ,,2024-10-31 11:04:41
53,대구침산점,대구광역시 북구 성북로 36,053-353-5412,2024-10-31 11:04:41
54,용산리첸시아점,"서울시 용산구 백범로341, 용산리첸시아 118호,119호",02-6012-6596,2024-10-31 11:04:41
55,울산옥동대공원점,문수로 377 (옥동),070-7733-9102,2024-10-31 11:04:41
56,커피클럽 역삼테헤란점,서울 강남구 테헤란로 131 한국지식센터 1층 ,02-501-3573,2024-10-31 11:04:41
57,신사역사거리점,"서울특별시 강남구 강남대로 600 동신빌딩 1,2층",02-511-5340,2024-10-31 11:04:41
58,충남대점,대전광역시 유성구 대학로 84 (궁동 486-2),,2024-10-31 11:04:41
59,응암역점,증산로 475 2층,02-3152-2910,2024-10-31 11:04:41
60,대구안심점,대구시 동구 안심로90길 29,053)552-2220,2024-10-31 11:04:41
61,여수소호점,전남 여수시 소호로 455-1,061-684-8254,2024-10-31 11:04:41
62,화성병점점,경기 화성시 병점동로 105,031-239-0455,2024-10-31 11:04:41
63,동탄카림애비뉴점,경기 화성시 동탄대로시범길 134,031-372-1650,2024-10-31 11:04:41
64,김포운양점,김포한강11로255번길 15,031-986-2260,2024-10-31 11:04:41
65,창원팔용점,"경상남도 창원시 창원대로18번길 6-8 1,2,3층",055-298-3434,2024-10-31 11:04:41
66,부안격포채석강점,전라북도 부안군 변산면 격포리 282(채석강길 22-10),063-584-0011,2024-10-31 11:04:41
67,전남대상대점,광주광역시 북구 설죽로202번길 68,062-511-0389,2024-10-31 11:04:41
68,(하)매송휴게소점,경기도 화성시 매송면 서해안고속도로 315 목포방향,,2024-10-31 11:04:41
69,(상)매송휴게소점,경기도 화성시 매송면 서해안고속도로 316 서울방향,,2024-10-31 11:04:41
70,용산아이파크몰 영풍문고점,한강대로 23길 55 용산아이파크몰 리빙관 3층 영풍문고 내,070-8835-5073,2024-10-31 11:04:41
71,오산대역DT점,"경기도 오산시 경기대로 491, 1~3층",031-372-9750,2024-10-31 11:04:41
72,춘천명동점,강원도 춘천시 금강로 61 (조양동),033-251-3789,2024-10-31 11:04:41
73,인천주안역점,인천 남구 주안로 105,032-425-1793,2024-10-31 11:04:41
74,BMC점,동국로 32(식사동) 동국대학교 바이오메디융합 캠퍼스 내 산학협력관 1층,031-961-5692,2024-10-31 11:04:41
75,구미금오산점,경북 구미시 금오산로 209 ,054-441-4452,2024-10-31 11:04:41
76,을지로입구점,서울시 중구 을지로2가 199-44,02-318-6381,2024-10-31 11:04:41
77,울산삼산대로점,울산시 남구 삼산동 1559-15,052-293-2234,2024-10-31 11:04:41
78,백석예술대학교점,방배동 981-17,,2024-10-31 11:04:41
79,양재역1호점,서울시 서초구 양재동 13-11,02-578-6630,2024-10-31 11:04:41
80,제주협재해수욕장점,한림읍 한림로 330,064-796-1780,2024-10-31 11:04:42
81,구리장자호수공원점,"경기도 구리시 장자대로 86번길 18(수택동, 1~2층)",031-568-7232,2024-10-31 11:04:42
82,(하)오창휴게소,충청북도 청주시 청원구 오창읍 중부고속도로 21 ,043-217-1477 ,2024-10-31 11:04:42
83,부산교대점,부산광역시 동래구 수안동 55-1,051-558-5886,2024-10-31 11:04:42
84,이대점,"서울시 서대문구 이화여대길 59, 엘큐브 3층",02-392-1008,2024-10-31 11:04:42
85,파주야당역점,경의로 1042(야당동) 더진빌딩 1층,031-946-4823,2024-10-31 11:04:42
86,목동예술인회관점,"목동서로 225(목동, 예술인회관) 1층",02-2655-1300,2024-10-31 11:04:42
87,(하)괴산휴게소점,충청북도 괴산군 장연면 중부내륙고속도로 205 괴산(마산방향)휴게소 ,043-832-7966,2024-10-31 11:04:42
88,부산광안해변점,부산광역시 수영구 민락동 178-5,051-752-4551,2024-10-31 11:04:42
89,당고개역점,덕릉로 126길 11 (상계동) 1층,02-951-1029,2024-10-31 11:04:42
90,커피클럽 역삼스타점,서울시 강남구 역삼동 736-56 1층 ,02-501-4142,2024-10-31 11:04:42
91,(하)보성녹차휴게소점,전남 보성군 겸백면 수남리 385-3,070-4325-8808,2024-10-31 11:04:42
92,(상)보성녹차휴게소점,전남 보성군 미력면 화방리 산196-7,070-4325-8801,2024-10-31 11:04:42
93,부산정관CGV점,정관읍 매학리 717-5,051-710-3532,2024-10-31 11:04:42
94,울산풍차DT점,신천동 456,052-292-8180,2024-10-31 11:04:42
95,구파발역점,"진관3로 11,(진관동, 은평뉴타운 힐데스하임) 주상복합 1,2층",02-359-1366,2024-10-31 11:04:42
96,속초엑스포점,강원도 속초시 청초호반로 75,033-638-2123,2024-10-31 11:04:42
97,안양엠타워컨벤션점,안양로 104 (안양동) 엠타워컨벤션 1층,031-469-0202,2024-10-31 11:04:42
98,인천연수CGV점,"인천광역시 연수구 청능대로 210, 4층",032-456-4499,2024-10-31 11:04:42
99,(상)추풍령휴게소점,경북 김천시 봉산면 광천리 737-1,,2024-10-31 11:04:42
100,부산경성대2호점,"부산광역시 남구 수영로 306, 3층",051-611-3021,2024-10-31 11:04:42
101,양주고읍점,경기도 양주시 고읍남로 10 ,031-843-0078,2024-10-31 11:04:42
102,(상)마장휴게소점,경기도 이천시 마장면 중부고속도로82,,2024-10-31 11:04:42
103,대구디아크점,대구광역시 달성군 다사읍 강정본길 57,053-591-2209,2024-10-31 11:04:42
104,남악신도시점,"전남 무안군 삼향읍 남악로 234, 트리폴리앙 B동 1,2층 108호,204호",061-282-8280,2024-10-31 11:04:42
105,구산역점,서울시 은평구 연서로 135,02-351-3094,2024-10-31 11:04:42
106,김포공항점,서울특별시 강서구 하늘길 112 국내선청사 1층 ,02-2064-0312,2024-10-31 11:04:42
107,경남통영점,"경남 통영시 무전 8길 33(무전동, 로운빌딩)",055-649-1314,2024-10-31 11:04:42
108,여의도하나투자점,서울시 영등포구 의사당대로 82 ,02-761-7231,2024-10-31 11:04:42
109,마곡퀸즈파크나인점,"공항대로 247 (마곡동, 퀸즈파크나인)",02-6421-9888,2024-10-31 11:04:42
110,울산명촌점,울산광역시 북구 명촌로 59 ,052-289-9905,2024-10-31 11:04:42
111,세종소담DI점,세종특별자치시 소담로 40,044-862-9027,2024-10-31 11:04:42
112,부산BIFF광장점,부산광역시 중구 비프광장로 31-1 1층,051-242-6552,2024-10-31 11:04:42
113,용평리조트점,강원도 평창군 대관령면 용산리 130 용평리조트,,2024-10-31 11:04:42
114,(하)가평휴게소,경기도 가평군 설악면 149번지 가평휴게소(춘천방향)  ,,2024-10-31 11:04:42
115,(춘)치악휴게소,강원도 원주시 신림면금창리 500 ,,2024-10-31 11:04:42
116,(하)안성휴게소,경기도 안성시 원곡면 경부고속도로 365,,2024-10-31 11:04:42
117,(하)안성맞춤휴게소,경기도 안성시 서운면 신능리 51-11,,2024-10-31 11:04:42
118,(상)안성휴게소,경기도 안성시 원곡면 산하리 67-3,,2024-10-31 11:04:42
119,(상)안성맞춤휴게소,경기도 안성시 서운면 신능리 51-16,,2024-10-31 11:04:42
120,(상)가평휴게소,경기도 가평군 설악면 149번지 가평휴게소(서울방향),,2024-10-31 11:04:43
121,치악휴게소부산방향,강원도 원주시 신림면금창리 500,033-762-8128,2024-10-31 11:04:43
122,(서)죽전휴게소,경기도 용인시 수지구 경부고속도로 400 죽전휴게소,,2024-10-31 11:04:43
123,광주일곡점,광주광역시 북구 송해로 81,070-7716-0123,2024-10-31 11:04:43
124,천안신불당점,불당동 1638,041-557-5556,2024-10-31 11:04:43
125,모다아울렛구리점,"경춘북로 230, 1층(갈매동,모다아울렛구리점)",031-514-8194,2024-10-31 11:04:43
126,부산역사점,초량동 1187-1 부산역사 2층,,2024-10-31 11:04:43
127,부산해운대비치점,부산시 해운대구 우동 618-14,051-731-5253,2024-10-31 11:04:43
128,당진푸르지오점,읍내동 1590 희은빌딩 1층 할리스커피,041-354-2004,2024-10-31 11:04:43
129,홍대역점,"서울시 마포구 어울마당로 111, 2~4층(동교동)",02-323-7791,2024-10-31 11:04:43
130,원주휴게소춘천방향점,강원도 원주시 호저면 옥산리 215,,2024-10-31 11:04:43
131,(인)강릉휴게소점,강원도 강릉시 성산면 보광리 103,,2024-10-31 11:04:43
132,(상)홍천휴게소,강원도 홍천군 화촌면 군업리 509-3,,2024-10-31 11:04:43
133,죽전패션타운점,용구대로 2729 (죽전패션타운),0312729798,2024-10-31 11:04:43
134,아산마트점,충청남도 아산시 권곡동 219-24,041-548-6060,2024-10-31 11:04:43
135,군위영천휴게소점,경상북도 군위군 산성면 백학리 산15-2,,2024-10-31 11:04:43
136,삼국유사군위휴게소점,경상북도 군위군 부계명 창평리 산98-4,,2024-10-31 11:04:43
137,김천혁신도시점,경상북도 김천시 혁신로 246,054-433-4333,2024-10-31 11:04:43
138,대구이월드점,대구광역시 달서구 두류공원로 200,[준비중],2024-10-31 11:04:43
139,,서울시 용산구 한강대로 405 (동자동 43-205),0505-919-9119,2024-10-31 11:04:43
140,부산광안대교점,부산광역시 수영구 광안해변로 217(광안동),051-754-9985,2024-10-31 11:04:43
141,대구팔달교DT점,대구광역시 서구 팔달로 32 ,053- 341-9595,2024-10-31 11:04:43
142,국민연금공단점,"전라북도 전주시 덕진구 기지로 170, 국민연금공단 기금운용본부 1층",063-221-5072,2024-10-31 11:04:43
143,커피클럽 광나루역점,"서울특별시 광진구 천호대로 808, 광장현대홈타운 제1202동 상가 1층 ",02-444-0542,2024-10-31 11:04:43
144,진해경화점,경상남도 창원시 진해구 조천북로 76,055-547-9906,2024-10-31 11:04:43
145,파주탄현점,경기도 파주시 탄현면 방촌로 1017,031-957-9477,2024-10-31 11:04:43
146,수원호매실역점,경기도 수원시 권선구 금곡로 202 ,031-278-1717,2024-10-31 11:04:43
147,광주전남대점,광주광역시 북구 우치로 90,062-251-1966,2024-10-31 11:04:43
148,세로수길점,서울시 강남구 강남대로152길 41,02-511-1473,2024-10-31 11:04:43
149,광주우산점,광주광역시 광산구 우산동 1363-2,062-956-6582,2024-10-31 11:04:43
150,군산수송점,전라북도 군산시 수송북로 22,063-467-9500,2024-10-31 11:04:43
151,블루스퀘어점,서울특별시 용산구 이태원로 294,02-790-1273,2024-10-31 11:04:43
152,대전도안DT점,대전광역시 유성구 도안동로 488,042-824-4931,2024-10-31 11:04:43
153,별내카페거리점,경기도 남양주시 두물로39번길 33,031-574-5655,2024-10-31 11:04:43
154,장승배기역점,서울특별시 동작구 금낭화로11길 31-27 ,02-812-9330,2024-10-31 11:04:43
155,영종하늘도시점,인천광역시 중구 하늘달빛로 90-21,032-752-1761,2024-10-31 11:04:43
156,동탄호수공원점,경기도 화성시 동탄면 동탄순환대로5길 15,031-373-5223,2024-10-31 11:04:43
157,수원인계점,경기도 수원시 팔달구 인계로138번길 49,031-222-6842,2024-10-31 11:04:43
158,(하)옥천휴게소점,"충청북도 옥천군 옥천읍 서대구일로 265-19, 할리스커피 (하)옥천휴게소점 ",,2024-10-31 11:04:43
159,목동점,"서울특별시 양천구 목동서로 159-1, CBS방송국 1,2층",02-2062-1063,2024-10-31 11:04:43
160,(하)백양사휴게소점,전라남도 장성군 북이면 호남고속도로 107 ,061-394-9990,2024-10-31 11:04:44
161,광주아울렛점,"광주광역시 서구 상무대로 627, 광주아울렛 內 할리스커피",062-385-5122,2024-10-31 11:04:44
162,동부산우체국점,부산광역시 동구 조방로 15,051-631-3193,2024-10-31 11:04:44
163,,"경기도 광명시 광명역로 21, 1층",02-899-1530,2024-10-31 11:04:44
164,광주금호점,금호동 762-6,062-385-0725,2024-10-31 11:04:44
165,안성팜랜드점,"경기도 안성시 공도읍 대신두길 28, 안성팜랜드",031-8053-7938,2024-10-31 11:04:44
166,동대구환승센터점,"대구광역시 동구 동부로 149, 3층",053-742-0614,2024-10-31 11:04:44
167,양산석산점,"경상남도 양산시 동면 금오2길 68, 착한빌딩 102호",055-366-7200,2024-10-31 11:04:44
168,대구월성CGV점,대구광역시 달서구 조암로 29,,2024-10-31 11:04:44
169,양산원동점,경상남도 양산시 원동면 원동로 1429,055-372-0268,2024-10-31 11:04:44
170,울산디자인거리점,"울산광역시 남구 돋질로302번길 38 1,2층",052-256-0566,2024-10-31 11:04:44
171,나주빛가람혁신도시점,전라남도 나주시 배멧3길 5-4,061-334-5466,2024-10-31 11:04:44
172,답십리점,서울특별시 성동구 천호대로 302,02 2246 2312,2024-10-31 11:04:44
173,부산사상점,부산시 사상구 광장로 90,051-313-6300,2024-10-31 11:04:44
174,명지국제신도시점,부산광역시 강서구 명지국제11로 57 ,051-271-5600,2024-10-31 11:04:44
175,대구본리점,대구광역시 달서구 장기로 203 ,053-553-3002,2024-10-31 11:04:44
176,의정부로데오점,경기도 의정부시 행복로 28,031-848-1674,2024-10-31 11:04:44
177,인천엠파크허브점,"인천 서구 염곡로 52, 엠파크 허브동 103호",032-265-0103,2024-10-31 11:04:44
178,유스퀘어CGV점,광주광역시 서구 무진대로 904,062-351-4687,2024-10-31 11:04:44
179,광주오치점,광주광역시 북구 서하로 185 ,062-251-5684,2024-10-31 11:04:44
180,광주운남점,광주 광산구 하남대로 248-13 ,062-951-5979,2024-10-31 11:04:44
181,김해구산점,경상남도 김해시 가락로 321,055-323-8123,2024-10-31 11:04:44
182,대구세천점,대구광역시 달성군 다사읍 세천로 141,053-581-5768,2024-10-31 11:04:44
183,부산일광해안로점,부산광역시 기장군 일광면 일광로 352,051-721-7458,2024-10-31 11:04:44
184,익산어양점,"전라북도 익산시 동서로63길 4, 101호",063-832-4700,2024-10-31 11:04:44
185,전주백제대로점,전라북도 전주시 덕진구 백제대로 592,063-271-5066,2024-10-31 11:04:44
186,부산대역점,부산광역시 금정구 부산대학로 29,051-517-7773,2024-10-31 11:04:44
187,당산역점,서울특별시 영등포구 당산로 219,02-2631-3446,2024-10-31 11:04:44
188,무교점,"서울시 중구 무교로 28, 시그너스빌딩 1층",02-318-0988,2024-10-31 11:04:44
189,울산태화강공원점,울산광역시 중구 신기길 130-1,,2024-10-31 11:04:44
190,동천안우체국점,충청남도 천안시 동남구 청수5로 10,041-522-5024,2024-10-31 11:04:44
191,수원팔달문점,경기도 수원시 팔달구 정조로 777번길 2,031-242-9990,2024-10-31 11:04:44
192,전북부안점,전라북도 부안군 부안읍 석정로 269,063-581-0620,2024-10-31 11:04:44
193,전북도청점,전라북도 전주시 완산구 홍산남로 51,063-228-4005,2024-10-31 11:04:44
194,의정부민락점,"경기도 의정부시 오목로205번길 55 메가타워 1F,2F",031-851-3633,2024-10-31 11:04:44
195,별내북부역점,경기도 남양주시 순화궁로 449,031-555-0128,2024-10-31 11:04:44
196,동수원사거리점,경기도 수원시 팔달구 우만동 557-11,031-222-2225,2024-10-31 11:04:44
197,대구엑스코점,"대구광역시 북구 유통단지로 90, 대구엑스코 1층",053-601-5254,2024-10-31 11:04:44
198,수원권선행복점,"수원시 권선구 권광로 119, 행복빌딩 1층",031-221-7895,2024-10-31 11:04:44
199,분당율동공원점,경기도 성남시 분당구 율동 323-11,031-701-0680,2024-10-31 11:04:44
200,원주휴게소부산방향점,강원도 원주시 호저면 마근거리길 120,,2024-10-31 11:04:44
201,동해촛대바위점,강원도 동해시 촛대바위길 16,033-522-0117,2024-10-31 11:04:44
202,사천휴게소(하)점,경상남도 사천시 곤양면 서삼로 619,,2024-10-31 11:04:44
203,사천휴게소(상)점,경상남도 사천시 곤양면 묵실길 31-13,,2024-10-31 11:04:44
204,경산중방점,"경북 경산시 경안로 205, 2층",053-814-9980,2024-10-31 11:04:44
205,울산공항1호점,울산광역시 북구 산업로 1103 울산공항 2층 일반대합실,052-289-5525,2024-10-31 11:04:44
206,울산공항2호점,울산광역시 북구 산업로 1103 울산공항 2층 격리대합실 ,,2024-10-31 11:04:44
207,포항장성점,경상북도 포항시 북구 새천년대로 1194,054-241-1177,2024-10-31 11:04:44
208,종로본점,서울특별시 종로구 종로 84,02-734-2838,2024-10-31 11:04:44
209,고척스카이돔점,서울특별시 구로구 경인로 430 고척스카이돔 B1층,,2024-10-31 11:04:44
210,늘봄농원점,경기도 고양시 덕양구 호국로 1526,070-4160-4216,2024-10-31 11:04:45
211,평택서재점,"경기도 평택시 서재로 26-24, 1,2층 ", 031-651-2750 ,2024-10-31 11:04:45
212,광교테크노밸리점,"경기도 수원시 영통구 에듀타운로 108, 해피리움빌딩",031-217-8022,2024-10-31 11:04:45
213,부산송도점,부산 서구 송도해변로 61-1,051-255-6100,2024-10-31 11:04:45
214,화성휴게소(하)2호점,경기도 화성시 팔탄면 서해안고속도로 301,,2024-10-31 11:04:45
215,화성휴게소(하)점,경기도 화성시 팔탄면 서해안고속도로 301,,2024-10-31 11:04:45
216,영광백수해안도로점,전라남도 영광군 백수읍 해안로 918,061-353-5866,2024-10-31 11:04:45
217,진주혁신도시점,경상남도 진주시 충무공동 289-1, 055-761-0288,2024-10-31 11:04:45
218,부산동래역점,부산 동래구 삼성대길 34-25(명륜동 502-4 ),051-552-2990,2024-10-31 11:04:45
219,가재울점,"서울 서대문구 모래내로 15길 56, 1층(남가좌동)",02-374-7686,2024-10-31 11:04:45
220,신항휴게소점,경상남도 창원시 진해구 신항북로 320,,2024-10-31 11:04:45
221,분당미금점,"경기도 성남시 분당구 돌마로 48, 1층",031-627-4727,2024-10-31 11:04:45
222,원주혁신도시S타워점,"강원도 원주시 배울로 86, S타워 1층",033-733-1220,2024-10-31 11:04:45
223,수서점,"서울시 강남구 밤고개로1길 10, B 125, B 126호(수서동, 수서현대벤처빌)",02-451-0723,2024-10-31 11:04:45
224,수원오목천점,"경기도 수원시 권선구 서수원로 179, 1~2층(오목천동)",031-291-7933,2024-10-31 11:04:45
225,전북대덕진광장점,전라북도 전주시 덕진구 덕진광장로 12,063-272-2400,2024-10-31 11:04:45
226,외동휴게소(하),경상북도 경주시 상석길 58-74,,2024-10-31 11:04:45
227,외동휴게소(상),경상북도 경주시 외동읍 상석길 58-70,,2024-10-31 11:04:45
228,양산휴게소점,경상남도 양산시 동면 목장길 15-50,,2024-10-31 11:04:45
229,대전신성점,대전광역시 유성구 유성대로1184번길 18,042-862-3335,2024-10-31 11:04:45
230,연신내점,"서울시 은평구 연서로 212 1,2,3층",02-388-3977,2024-10-31 11:04:45
231,건대일감호수점,서울시 광진구 아차산로39길 38-6  B1F~4F ,02-456-6627,2024-10-31 11:04:45
232,잠실광고회관점,"서울시 송파구 올림픽로35길 137, 잠실광고문화회관 1층",02-2144-0888,2024-10-31 11:04:45
233,여수웅천점,전라남도 여수시 예울마루로 35-24,061-681-2522,2024-10-31 11:04:45
234,대구동천점,대구광역시 북구 동천로 125,053-321-0099,2024-10-31 11:04:45
235,전북대병원점,전북 전주시 덕진구 건지로 20,,2024-10-31 11:04:45
236,(하)지리산휴게소점,전북 남원시 아영면 아곡리 산 77-1,063-636-7195,2024-10-31 11:04:45
237,(상)지리산휴게소점,전북 남원시 아영면 아곡리 446-2,063-636-7191,2024-10-31 11:04:45
238,양산신도시점,경남 양산시 물금읍 가촌리 1210-9,055-366-0268,2024-10-31 11:04:45
239,창원귀산점,경상남도 창원시 성산구 삼귀로 189,,2024-10-31 11:04:45
240,군산미장점,전라북도 군산시 미장안길 54,063-442-8777,2024-10-31 11:04:45
241,(상)옥천휴게점,충청북도 옥천군 옥천동이로 242-34,,2024-10-31 11:04:45
242,대전타임월드점,대전광역시 서구 둔산로 32-13,042-489-1315,2024-10-31 11:04:45
243,보라매역점,"서울시 영등포구 여의대방로 145, 1층",02-844-6004,2024-10-31 11:04:45
244,세종어진점,"세종특별자치시 절재로 194세종중앙타운 133호,214호",070-7766-1589,2024-10-31 11:04:45
245,고속버스터미널영동선점,서울시 서초구 신반포로 194 서울고속터미널 부속상가동 2층 A-2호,02-591-1555,2024-10-31 11:04:45
246,부산다대포전망대점,부산광역시 사하구 다대낙조2길 85,051-265-9191,2024-10-31 11:04:45
247,부산대연점,부산광역시 남구 대연동 1750-11,051-621-0303,2024-10-31 11:04:45
248,전주하가점,전라북도 전주시 덕진구 가련산로 25,063-275-1230,2024-10-31 11:04:45
249,광주수완2호점,광주광역시 광산구 수완동 1109,062-959-3327,2024-10-31 11:04:45
250,화곡역점,서울특별시 강서구 강서로 163,02-2606-6641,2024-10-31 11:04:46
251,발산역점,서울특별시 강서구 공항대로 284,02-2063-3534,2024-10-31 11:04:46
252,신정네거리역점,서울특별시 양천구 중앙로 252,02-2645-9957,2024-10-31 11:04:46
253,세종시청점,세종특별 자치시 시청대로 167 세종드림빌딩 106호,044-864-0211,2024-10-31 11:04:46
254,대구범어점,대구 수성구 범어동 722-1,053-761-2187,2024-10-31 11:04:46
255,인계써드아이점,"경기도 수원시 팔달구 인계로 130, 1층",031-232-0727,2024-10-31 11:04:46
256,고양행신점,경기도 고양시 덕양구 충경로 37,031-938-4055,2024-10-31 11:04:46
257,동해묵호점,강원도 동해시 해안로 368,033-534-8902,2024-10-31 11:04:46
258,배명사거리점,서울시 송파구 백제고분로 275,02-422-4915,2024-10-31 11:04:46
259,대전도안마을점,대전광역시 유성구 도안대로 560,042-826-6080,2024-10-31 11:04:46
260,분당서현시범단지점,경기도 성남시 분당구 새마을로1번길 2,031-701-7863,2024-10-31 11:04:46
261,수원태장점,경기도 수원시 영통로 112-4	,031-202-3780,2024-10-31 11:04:46
262,(상)황간휴게소점,충청북도 영동군 황간면 회포길 102 황간휴게소,,2024-10-31 11:04:46
263,(하)황간휴게소점,충청북도 영동군 황간면 회포길 102 황간휴게소,,2024-10-31 11:04:46
264,아산우체국점,"충남 아산시 시민로455, 아산우체국1층",041-548-5024,2024-10-31 11:04:46
265,천안두정역점,충청남도 천안시 서북구 두정로 238,041-566-5148,2024-10-31 11:04:46
266,일산웨스턴돔점,"경기도 고양시 일산동구 정발산로 38, 양우 이스턴시티",031-905-7749,2024-10-31 11:04:46
267,가산디지털단지점,서울시 금천구 가산동 459-11,02-2028-7111,2024-10-31 11:04:46
268,김포장기점,"경기도 김포시 김포한강로1로 77-30, 가온빌딩 1,2층",031-981-6770,2024-10-31 11:04:46
269,거창휴게소(하),경남 거창군 가조면 가조가야로 1485-48,,2024-10-31 11:04:46
270,거창휴게소(상),경남 거창군 가조면 도리 산189-1,,2024-10-31 11:04:46
271,광주조선대점,광주광역시 동구 필문대로273번길 12,062-416-3647,2024-10-31 11:04:46
272,안암오거리점,서울시 성북구 인촌로24길 56,02-922-2877,2024-10-31 11:04:46
273,단양휴게소(하)점,충청북도 단양군 적성면 기동리 산74-1,043-423-5401,2024-10-31 11:04:46
274,옥산휴게소(하)점,충청북도 청주시 흥덕구 경부고속도로 309,,2024-10-31 11:04:46
275,광명하안점,경기도 광명시 하안로 293-6,02-899-2088,2024-10-31 11:04:46
276,대전반석역점,대전광역시 유성구 반석동로 40번길 40,042-714-5808,2024-10-31 11:04:46
277,평촌스마트스퀘어점,"경기도 안양시 동안구 시민대로 311 금강스마트빌딩 110, 111호",031-421-8097,2024-10-31 11:04:46
278,전북고창점,전북 고창군 고창읍 중앙로 195,063-564-3357,2024-10-31 11:04:46
279,교대역점,서울시 서초구 반포대로30길 81,02-521-8944,2024-10-31 11:04:46
280,커피클럽 서울대예술문화점,"서울시 관악구 관악로 1, 서울대예술계복합연구동 1층",02-877-7186,2024-10-31 11:04:46
281,길동역점,서울특별시 강동구 양재대로 1484,02-470-1988,2024-10-31 11:04:46
282,세종호수공원점,"세종특별자치시 다솜3로 66, 행정지원센터 홍보동 2층 카페테리아",044-866-1753,2024-10-31 11:04:46
283,낙성대역점,서울특별시 관악구 남부순환로 1922,070-4716-0775,2024-10-31 11:04:46
284,한남순천향점,서울특별시 용산구 대사관로 62,02-749-6977,2024-10-31 11:04:46
285,전주한옥마을점,전라북도 전주시 완산구 은행로 16,063-288-0801,2024-10-31 11:04:46
286,청주성모병원점,"충청북도 청주시 청원구 주성로 173-19, 성모병원 본과",070-7761-0015,2024-10-31 11:04:46
287,(하)서천휴게소점,충남 서천군 비인면 서해안고속도로 169,041-952-5757,2024-10-31 11:04:46
288,(상)서천휴게소점,충청남도 서천군 비인면 서해안고속도로 168, 041-952-9700 ,2024-10-31 11:04:46
289,송탄점,경기도 평택시 관광특구로 31,031-667-1229,2024-10-31 11:04:46
290,부산해운대점,부산광역시 해운대구 해운대해변로 277,051-746-1463,2024-10-31 11:04:47
291,대구장기점,대구광역시 달서구 장기로 268,053-522-0666,2024-10-31 11:04:47
292,한양대시티빌점,서울특별시 성동구 마조로1가길 9,02-2299-9934,2024-10-31 11:04:47
293,도곡점,서울특별시 강남구 논현로28길 54,02-6204-3311,2024-10-31 11:04:47
294,고대구로병원점,서울시 구로구 구로동로 148 고려대학교 구로병원 신관 1층,02-830-0998,2024-10-31 11:04:47
295,대구두류공원점,대구광역시 달서구 공원순환로 216,053-626-1033,2024-10-31 11:04:47
296,대명거리점,"서울시 종로구 대명길 4, 2,3,4층",02-747-0348,2024-10-31 11:04:47
297,화서휴게소(상)점,경상북도 상주시 화서면 터골길 51-25,,2024-10-31 11:04:47
298,대구봉무공원점,"대구광역시 동구 단산길 4, 1~2층",053-984-3001,2024-10-31 11:04:47
299,분당수내엔타워점,경기도 성남시 분당구 수내동 16-6 엔타워빌딩 1층,031-712-0341,2024-10-31 11:04:47
300,창원상남점,경상남도 창원시 성산구 마디미로31번길 3,055-261-5955,2024-10-31 11:04:47
301,울산정자해변점,울산광역시 북구 동해안로 1580 1~2층,052-294-2888,2024-10-31 11:04:47
302,세종종촌점,"세종특별자치시 종촌동 1-3 생활권 호만빌딩 C3-3 1층, 2층",044-864-2177,2024-10-31 11:04:47
303,대전한남대점,"대전광역시 대덕구 한남로 65 1,2층",070-4415-4254,2024-10-31 11:04:47
304,부산경성대점,"부산광역시 남구 용소로 7, 2~3층 ",051-611-6893,2024-10-31 11:04:47
305,커피클럽 코엑스점,"서울시 강남구 영동대로 513, 지하1층 C113호",02-6002-3100,2024-10-31 11:04:47
306,충남공주점,"충남 공주시 웅진로 179, 2.3층",041-857-1077,2024-10-31 11:04:47
307,의정부시청점,경기도 의정부시 의정부2동 430-14,031-826-0009,2024-10-31 11:04:47
308,신림고시촌점,서울시 관악구 호암로 605,02-871-0777,2024-10-31 11:04:47
309,전주시네마점,전라북도 전주시 완산구 전주객사3길 67,063-232-2240,2024-10-31 11:04:47
310,인천구월면세점,인천광역시 남동구 인주대로 593,032-422-8236,2024-10-31 11:04:47
311,인천한옥마을점,인천시 연수구 테크노파크로 180,032-831-0337,2024-10-31 11:04:47
312,인천구월로데오점,인천광역시 남동구 인하로 497-24,032-421-0399,2024-10-31 11:04:47
313,청주율량현대점,충북 청주시 청원구 율봉로 150			,043-241-0005,2024-10-31 11:04:47
314,올림픽프라자점,"서울특별시 송파구 양재대로 1222, 올림픽프라자상가 1층 ",02-443-7997,2024-10-31 11:04:47
315,노원2호점,"서울특별시 노원구 상계로 63-7, 청우빌딩 2층",02-930-3933,2024-10-31 11:04:47
316,인천검단사거리점,인천광역시 서구 검단로 465,070-7766-4494,2024-10-31 11:04:47
317,약수역점,서울특별시 중구 다산로 114,02-2233-0866,2024-10-31 11:04:47
318,신림사거리점,서울특별시 관악구 남부순환로 1599-3 ,02-877-1433,2024-10-31 11:04:47
319,청주율량점,충청북도 청주시 청원구 1순환로 122 ,043-216-1990,2024-10-31 11:04:47
320,대전관저점,"대전광역시 서구 관저중로64번길 26, 1~2층",042-542-8080,2024-10-31 11:04:47
321,대전유성온천점,"대전광역시 유성구 온천로 45 푸르지오시티 110,111,112호yloa",042-825-2023,2024-10-31 11:04:47
322,탄천휴게소점,충남 공주시 탄천면 장선리 151-6,041-854-3521,2024-10-31 11:04:47
323,행담도휴게소(하)점,충청남도 당진군 신평면 서해안고속도로 275,,2024-10-31 11:04:47
324,월곶점,경기도 시흥시 월곶중앙로 63	,031-404-7966,2024-10-31 11:04:47
325,안산중앙역점,경기도 안산시 단원구 광덕4로 234 ,031-484-2002,2024-10-31 11:04:47
326,국기원점,"서울시 강남구 강남대로94길 28, 지원빌딩1층",02-6203-4301,2024-10-31 11:04:47
327,대구수성못점,대구광역시 수성구 용학로 115,053-768-6999,2024-10-31 11:04:47
328,수원권선점,경기도 수원시 권선구 권선로 667,031-302-2601,2024-10-31 11:04:47
329,인천동암역점,"인천시 부평구 열우물로 35-1 17호 1,2층",032-277-2010,2024-10-31 11:04:47
330,커피클럽 대학로점,서울특별시 종로구 대학로 10길 11 ,02-747-1677,2024-10-31 11:04:47
331,대전둔산청솔점,"대전광역시 서구 둔산로 223, 제상가 2동",042-489-7990,2024-10-31 11:04:47
332,용산더프라임점,"서울특별시 용산구 원효로 90길 11 (원효로 1가 41-1, 더프라임타워 업무동 1층)",02-6362-7990,2024-10-31 11:04:47
333,광장점,서울특별시 광진구 광나루로 620,070-4706-0293,2024-10-31 11:04:47
334,마산터미널점,경상남도 창원시 마산회원구 3·15대로 750,055-251-5698,2024-10-31 11:04:47
335,울산간절곶해맞이점,"울산광역시 울주군 서생면 나사해안길 135, 1~2층",052-239-5336,2024-10-31 11:04:47
336,부산서면일번가점,부산광역시 신천대로 62번길 74,051-802-2550,2024-10-31 11:04:47
337,전주혁신도시점,전주시 완산구 오공로 33,063-221-3361,2024-10-31 11:04:47
338,이인휴게소점,충남 공주시 이인면 이인리 3-8 ,010-5406-5747,2024-10-31 11:04:47
339,도심공항2점,서울시 강남구 테헤란로 87길 22 (도심공항터미널 2층 203-1호),02-2016-5400,2024-10-31 11:04:47
340,경복궁역점,서울특별시 종로구 자하문로  14-1,02-720-5589,2024-10-31 11:04:48
341,행담도휴게소(상)점,충청남도 당진군 신평면 서해안고속도로 275,,2024-10-31 11:04:48
342,안양동편마을점,경기도 안양시 동안구 동편로 6,031-422-1880,2024-10-31 11:04:48
343,구반포역점,서울특별시 서초구 신반포로 15 구반포상가 G동 1층,02-537-9386,2024-10-31 11:04:48
344,대구상인점,"대구광역시 달서구 상화북로 194, 2층",053-641-9522,2024-10-31 11:04:48
345,수원경인일보점,경기도 수원시 팔달구 효원로 299 ,031-226-0530,2024-10-31 11:04:48
346,수원영통점,경기도 수원시 영통구 청명남로 10,031-202-3356,2024-10-31 11:04:48
347,수원역점,"경기도 수원시 팔달구 향교로 6(매산로1가,1-3층)",031-257-3313,2024-10-31 11:04:48
348,종로코리안리빌딩점,서울시 종로구 종로5길 68 ,02-6093-0011,2024-10-31 11:04:48
349,파주금촌역점,경기 파주시 중앙로 328 엠에이치타워 1층,031 946 8011,2024-10-31 11:04:48
350,구미CGV점,"경북 구미시 구미중앙로 44, 마이구미CGV 복합건물 1층",054-604-0375,2024-10-31 11:04:48
351,청라센터시아점,인천광역시 서구 중봉대로 612번길 16 서후센타시아 1층,032-567-1192,2024-10-31 11:04:48
352,김포골드밸리점,경기도 김포시 황금로 109번길 27,031-998-7233,2024-10-31 11:04:48
353,충북진천점,"충청북도 진천군 진천읍 중앙북로 28, 2층",043-534-8584,2024-10-31 11:04:48
354,평택점,경기 평택시 평택1로 11,031-651-1223,2024-10-31 11:04:48
355,(하)칠곡휴게소점,경북 칠곡군 왜관읍 경부고속도로 159,054-975-2277 ,2024-10-31 11:04:48
356,대구관음점,대구광역시 북구 구암로 59 비전스케어 1~2층,053-324-6122,2024-10-31 11:04:48
357,학동역점,"서울특별시 강남구 학동로 219, 2층",070-4700-6699,2024-10-31 11:04:48
358,청주성화점,충청북도 청주시 서원구 신성화로 39,043-233-6296,2024-10-31 11:04:48
359,김해국제공항점,부산시 강서구 대저2동 2350 국제선 청사 3층,051-972-1655,2024-10-31 11:04:48
360,합정역점,서울특별시 마포구 양화로 36 ,02-6204-1234,2024-10-31 11:04:48
361,동대문역사문화공원점,"서울특별시 중구 장충단로 251 2,3층",02-2272-3331,2024-10-31 11:04:48
362,고덕리앤파크점,서울시 강동구 상일로 151,02-441-1121,2024-10-31 11:04:48
363,광주첨단2지구점,광주광역시 북구 첨단연신로91번길 10,062-413-8900,2024-10-31 11:04:48
364,광주하남점,광주광역시 광산구 용아로 400,070-4157-5092,2024-10-31 11:04:48
365,익산모현점,전북 익산시 선화로3길 16-10,063-842-8420,2024-10-31 11:04:48
366,전남영광점,전라남도 영광군 영광읍 중앙로 180-2,061)353-2600,2024-10-31 11:04:48
367,신림역점,서울시 관악구 신림로 313,02 877 5596,2024-10-31 11:04:48
368,대림역점,서울특별시 영등포구 도림로 140,02-834-1000,2024-10-31 11:04:48
369,커피클럽 부산달맞이점,"부산광역시 해운대구 달맞이길 199, 2~3층",051-731-3410,2024-10-31 11:04:48
370,광주비엔날레점,광주광역시 북구 비엔날레로 109-1,062)515-5715,2024-10-31 11:04:48
371,신흥역점,경기도 성남시 수정구 산성대로 265 2층,031-626-6140,2024-10-31 11:04:48
372,경주보불로점,경상북도 경주시 보불로 305,054-744-7700,2024-10-31 11:04:48
373,원주중앙점,강원도 원주시 중평길 4,033-748-1188,2024-10-31 11:04:48
374,동판교M타워점,경기도 성남시 분당구 판교역로241번길 22,031-8017-7557,2024-10-31 11:04:48
375,커피클럽 부산송정점,부산시 해운대구 송정광어골로 77,051-701-5591,2024-10-31 11:04:48
376,구미인동점,"경상북도 구미시 인동가산로 20, 1~2층",054-473-1045,2024-10-31 11:04:48
377,송천솔내점,전북 전주시 덕진구 붓내3길 17,063-291-8000,2024-10-31 11:04:48
378,한티역점,서울특별시 강남구 도곡로 414,02-538-8886,2024-10-31 11:04:48
379,선릉샹제리제점,서울시 강남구 테헤란로 406,02-501-4255,2024-10-31 11:04:48
380,양주브이플러스점,경기도 양주시 평화로 1593,031-894-2710,2024-10-31 11:04:49
381,명동퍼시픽호텔점,서울시 중구 퇴계로20길 2,02-752-2248,2024-10-31 11:04:49
382,부산서면본점,"부산광역시 부산진구 동천로 73, DS타워 1~2층",051-819-9117,2024-10-31 11:04:49
383,광주시청로점,광주광역시 서구 상무시민로 130,062-384-4401,2024-10-31 11:04:49
384,홍대점,서울특별시 마포구 홍익로 4,02-6749-1117,2024-10-31 11:04:49
385,이태원점,서울특별시 용산구 이태원로 179,02-749-8752,2024-10-31 11:04:49
386,청주분평점,"충청북도 청주시 서원구 월평로 4 1, 2층",043-292-5105,2024-10-31 11:04:49
387,청주강서점,[11월 5일 오픈] 충청북도 청주시 흥덕구 가경동 1746,043-263-8585,2024-10-31 11:04:49
388,간석역남부점,인천시 남동구 석산로 11,032-427-7935,2024-10-31 11:04:49
389,광주수완점,광주광역시 광산구 풍영로 189 ,070-8831-1052,2024-10-31 11:04:49
390,경주황성점,경상북도 경주시 황성로28번길 15 1~2층,054-701-1234,2024-10-31 11:04:49
391,양주테크노점,경기 양주시 광적면 부흥로 847 ,031-830-1700,2024-10-31 11:04:49
392,동두천지행점,경기 동두천시 중앙로 110-13 게림프라자 1층,031-859-9100,2024-10-31 11:04:49
393,인천소래역점,"인천 남동구 소래역남로 22 에코프라자 114호, 206호",032-422-4595,2024-10-31 11:04:49
394,충정래미안점,서울시 중구 중림로 21,02-363-1388,2024-10-31 11:04:49
395,강릉항마리나점,강원도 강릉시 창해로14번길 51-20,070-8816-6543,2024-10-31 11:04:49
396,전주신시가지점,전라북도 전주시 완산구 우전로 255 ,063-236-1789,2024-10-31 11:04:49
397,시화이마트점,"경기도 시흥시 중심상가 4길 10, 1층		",031-499-9177,2024-10-31 11:04:49
398,천안두정점,"충청남도 천안시 서북구 오성6길 52, 1층",041-574-0013,2024-10-31 11:04:49
399,북가좌점,서울특별시 서대문구 응암로 89 ,02-372-5556,2024-10-31 11:04:49
400,의왕휴게소점,경기도 의왕시 오전로 18,031-427-3151,2024-10-31 11:04:49
401,전주아중점,전라북도 전주시 덕진구 아중로 193,063-241-2007,2024-10-31 11:04:49
402,안산선부점,경기도 안산시 단원구 선부광장1로 56,031-411-9733,2024-10-31 11:04:49
403,안산한대앞점,경기도 안산시 상록구 중보로 31,031-419-2131,2024-10-31 11:04:49
404,수원대학교점,경기도 화성시 봉담읍 와우안길 22,031-224-3856,2024-10-31 11:04:49
405,부평삼산점,인천광역시 부평구 길주로 623,032-508-0762,2024-10-31 11:04:49
406,광주풍암점,광주광역시 서구 풍금로38번길 11 ,062-652-5505,2024-10-31 11:04:49
407,원주단계택지점,강원도 원주시 장미공원길 27-9,033-745-5007,2024-10-31 11:04:49
408,오산문화의거리점,경기도 오산시 원동로7번길 35,031-378-5503,2024-10-31 11:04:49
409,수원성대역점,"경기도 수원시 장안구 서부로2126번길 10, 1층",031-309-1660,2024-10-31 11:04:49
410,부산영도대교점,"부산광역시 영도구  태종로 98, 모닝아일랜드 상가 2층	",051-414-8352,2024-10-31 11:04:49
411,전주중화산점,"전라북도 전주시 완산구 효자로 289, 신화빌딩 1층yl",063-224-8118,2024-10-31 11:04:49
412,노량진역점,서울 동작구 노량진로 157,02-827-0280,2024-10-31 11:04:49
413,안산로데오점,경기도 안산시 단원구 중앙대로 907 ,031-405-7337,2024-10-31 11:04:49
414,계양점,인천광역시 계양구 도두리로 14,032-551-1166,2024-10-31 11:04:49
415,철산점,경기도 광명시 철산로 20,02-2060-9959,2024-10-31 11:04:49
416,홍제역점,서울시 서대문구 통일로 451 ,02-396-2761,2024-10-31 11:04:49
417,부산광복동점,부산광역시 중구 광복로 73-2		,070-7701-9988,2024-10-31 11:04:49
418,청통휴게소점,경상북도 영천시 청통면 청통로 334-42 ,054-337-5009,2024-10-31 11:04:49
419,와촌휴게소점,경상북도 경산시 와촌면 강학길 103 ,053-853-1002,2024-10-31 11:04:49
420,청주봉명점,충청북도 청주시 흥덕구 백봉로223번길 7,043-260-6669,2024-10-31 11:04:50
421,신림점,서울시 관악구 신림로 353-1 ,02 -877-0019,2024-10-31 11:04:50
422,서울대사거리점,"서서울 관악구  관악로 172, 2층",02-877-6070,2024-10-31 11:04:50
423,한가람문구점,"서울시 서초구 신반포로 194 고속버스터미널 9호선 연결 통로 12,13,14호",02-536-6238,2024-10-31 11:04:50
424,목포상동점,전라남도 목포시 옥암로 95 ,061-282-4254,2024-10-31 11:04:50
425,수원경희대점,경기도 수원시 영통구 덕영대로 1693 ,031-202-0190,2024-10-31 11:04:50
426,도곡로점,서울시 강남구 도곡로 213 ,02-555-6240,2024-10-31 11:04:50
427,청주하복대점,"충청북도 청주시 흥덕구 2순환로1167번길 5, 1~2층",043-234-4069,2024-10-31 11:04:50
428,충북대점,"충청북도 청주시 흥덕구 내수동로 53, 1~2층",043-266-2248,2024-10-31 11:04:50
429,광주동림동점,광주 서구 하남대로680번길 1,062-511-6850,2024-10-31 11:04:50
430,인삼랜드휴게소(상)점,충청남도 금산군 군북면 대암길 34-30 ,041-754-9200,2024-10-31 11:04:50
431,군위휴게소(하)점,경상북도 군위군 군위읍 오곡리 67-5,054-383-6114,2024-10-31 11:04:50
432,울산삼산점,"울산시 남구 삼산중로 50, 2층",052-260-1121,2024-10-31 11:04:50
433,군위휴게소(상)점,경상북도 군위군 군위읍 오곡리 산 68-8l,054-383-7114,2024-10-31 11:04:50
434,현풍휴게소(하)점,대구광역시 달성군 현풍면 성하리 286,053-614-2436,2024-10-31 11:04:50
435,현풍휴게소(상)점,대구광역시 달성군 현풍면 성하리 342,053-615-0337,2024-10-31 11:04:50
436,마포경찰공제회관점,서울 마포구 도화동 180-4,02-703-5061,2024-10-31 11:04:50
437,제주연동점,"제주특별자치도 제주시 신광로 47, 2층",064-744-0789,2024-10-31 11:04:50
438,오산시청점,경기도 오산시 성호대로 124,031-378-8778,2024-10-31 11:04:50
439,포항북부해수욕장점,"경상북도 포항시 북구 해안로 115, 1~2층",054-249-8999,2024-10-31 11:04:50
440,(상)칠곡휴게소점,경상북도 칠곡군 왜관읍 경부고속도로 158,054-975-1883,2024-10-31 11:04:50
441,구로디지털역점,"서울 구로구 디지털로32나길 38, 서림빌딩 1층",02-851-3365,2024-10-31 11:04:50
442,충주연수점,"충청북도 충주시 계명대로 236, 오피스파크빌딩 1층",043-856-5656,2024-10-31 11:04:50
443,(하)만남의광장점,서울 서초구 원지동 10-10 ,02-578-3372,2024-10-31 11:04:50
444,장안휴게소(하)점,부산시 기장군 장안읍  동해고속도로 25,051-727-3647,2024-10-31 11:04:50
445,하남아이테코점,"경기도 하남시 조정대로 150, 아이테코 아파트형공장 123호y",031-790-1513,2024-10-31 11:04:50
446,아주대점,경기도 수원시 영통구 중부대로 258 ,031-211-2884,2024-10-31 11:04:50
447,송도IT점,"인천광역시 연수구 송도과학로 32, 송도테크노파크 IT센터 1층y",032-209-7979,2024-10-31 11:04:50
448,장안휴게소(상)점,부산시 기장군 장안읍 명례리 78-1,051-727-3714,2024-10-31 11:04:50
449,계원예대점,경기도 의왕시 계원대학로 38 ,031-422-8076,2024-10-31 11:04:50
450,논현역점,서울시 서초구 신반포로 332 ,02-515-1162,2024-10-31 11:04:50
451,굽은다리역점,서울 강동구 양재대로 1591 ,02-488-5077,2024-10-31 11:04:50
452,까치산점,서울 강서구 곰달래로 134 ,02-2604-0082,2024-10-31 11:04:50
453,개화산점,서울 강서구 양천로 28 벽산에어트리움 본관동 101~103,02-2064-1455,2024-10-31 11:04:50
454,충북오송점,충청북도 청주시 흥덕구 오송읍 만수1길 3,043-239-0075,2024-10-31 11:04:50
455,제주이도점,"제주특별자치도 제주시 승천로 71, 페르마빌딩 1층y",070-4415-3005,2024-10-31 11:04:50
456,동대구역사점,"대구광역시 동구 동대구로 550, 동대구 KTX 역사 내 1층yloa",053-942-1033,2024-10-31 11:04:50
457,충무로역점,서울시 중구 퇴계로36길 2,02-2268-8960,2024-10-31 11:04:50
458,인천당하점,인천광역시 서구 당하동 891-1 당하스페이스 1층,032-561-1578,2024-10-31 11:04:50
459,아시아선수촌점,서울시 송파구 백제고분로 109 ,02-412-3260,2024-10-31 11:04:50
460,부산수영로터리점,"부산시 수영구 수영로 710-1, 프라임메디컬 빌딩 2층",070-4239-7541,2024-10-31 11:04:51
461,울산역사점,울산시 울주군 삼남면 신화리 471번지 ,,2024-10-31 11:04:51
462,신논현역점,"서울시 강남구 강남대로 478, 제우빌딩 2층",02-545-6077,2024-10-31 11:04:51
463,라페스타입구점,"경기도 고양시 일산동구 중앙로1275번길 38-15, 삼희 포시즌프라자 1층yl",031-904-1991,2024-10-31 11:04:51
464,용인처인구청점,"경기도 용인시 처인구 금령로 86, 롯데시네마 3층",031-338-0920,2024-10-31 11:04:51
465,은평구청점,"서울시 은평구 은평로 200-1, 삼영빌딩1층",02-359-8880,2024-10-31 11:04:51
466,천호베네시티점,"서울 강동구 올림픽로 664, 한강베네시티 104호",02-476-1122,2024-10-31 11:04:51
467,용인흥덕점,"경기도 용인시 기흥구 흥덕2로87번길 17, 세림프라자 1층",031-217-7393,2024-10-31 11:04:51
468,부천송내본점,경기도 부천시 원미구 송내대로73번길 21,032-321-3976,2024-10-31 11:04:51
469,문경휴게소(하)점,경상북도 문경시 유곡동 460,054-554-1658,2024-10-31 11:04:51
470,인제점,강원도 인제군 인제읍 인제로 198 ,033-461-7767,2024-10-31 11:04:51
471,안양역점,경기도 안양시 만안구 장내로139번길 61,031-466-2879,2024-10-31 11:04:51
472,일산레이킨스몰점,경기도 고양시 일산서구 대화동 2611 레이킨스몰 1층 138호yl,031-916-1289,2024-10-31 11:04:51
473,연희점,서울시 서대문구 연희맛로 31,02-336-6630,2024-10-31 11:04:51
474,대전오류점,"대전광역시 중구 계룡로 876, 메종드메디컬빌딩 104호, 202호",042-535-8636,2024-10-31 11:04:51
475,천안쌍용점,"충청남도 천안시 서북구 미라13길 16, 성건오피스텔 1층",041-563-4700,2024-10-31 11:04:51
476,광화문LG점,서울시 종로구 신문로2가 91-4. 1층 & 지하1층,070-8861-6995,2024-10-31 11:04:51
477,도심공항점,서울시 강남구 테헤란로87길 22 도심공항터미널 2층,02-2016-5400,2024-10-31 11:04:51
478,야탑점,경기 성남시 분당구 야탑로139번길 6-6,031-705-7077,2024-10-31 11:04:51
479,광주상무병원점,광주광역시 서구 운천로 225 상무힐타워1층,062-383-7111,2024-10-31 11:04:51
480,건대입구점,서울시 광진구 아차산로 235 ,02-463-1983,2024-10-31 11:04:51
481,가산점,서울 금천구 가산디지털2로 165 백상스타타워ll  1층 5호,02-862-7940,2024-10-31 11:04:51
482,구로디지털단지점,"서울시 구로구 디지털로31길 12.105호,106호",02-2621-2888,2024-10-31 11:04:51
483,서산중앙점,"충청남도 서산시 중앙로 24, 2층",041-667-0630,2024-10-31 11:04:51
484,송도포스코점,"인천광역시 연수구 해돋이로 107, H동 1호a",032-835-6200,2024-10-31 11:04:51
485,양주점,경기도 양주시 평화로 1407 ,031-868-5779,2024-10-31 11:04:51
486,거제수월점,경상남도 거제시 수양로 448-28 자이APT 상가1동 110호~112호,055-636-7648,2024-10-31 11:04:51
487,목포평화점,"전라남도 목포시 미항로 129 1, 2층",061-285-0365,2024-10-31 11:04:51
488,대전롯데점,대전시 서구 용문로 41-80 리베라아이누리 1층 101호yloa,042-528-2155,2024-10-31 11:04:51
489,영등포사거리점,"서울시 영등포구  영등포로 216-1 영미빌딩 1,2층",02-2632-2231,2024-10-31 11:04:51
490,역곡역점,경기 부천시 원미구 부일로726번길 5,070-8887-4965,2024-10-31 11:04:51
491,청담점,서울특별시 강남구 학동로 517,02-515-9915,2024-10-31 11:04:51
492,가양점,서울 강서구 양천로 583.우림블루 A동 1층,02-2093-2977,2024-10-31 11:04:51
493,안동CGV점,"경상북도 안동시 경동로 841,안동CGV 3층",070-4924-1666,2024-10-31 11:04:51
494,가오CGV점,"대전시 동구 은어송로 72, CGV 4층",042-273-7400,2024-10-31 11:04:51
495,진주교대점,경상남도 진주시 진양호로 348 ,055-745-3303,2024-10-31 11:04:51
496,건대점,"서울시 광진구 광나루로 410, KCC 파크타운 상가 1층 104호y",02-3436-4800,2024-10-31 11:04:51
497,종로3가점,서울특별시 종로구 종로 113 ,02-747-0221,2024-10-31 11:04:51
498,마두역점,경기 고양시 일산동구 중앙로 1165 ,070-8866-7558,2024-10-31 11:04:51
499,병점역점,경기도 화성시 병점3로 18 ,031-223-0737,2024-10-31 11:04:51
